genus,epitet,author
Acacia,,
Acacia,albida,Del.
Acacia,cyanophylla,Lindl.
Acacia,farnesiana,(L.) Willd.
Acacia,seyal,Del.
Acacia,spirocarpa,Hochstt.
Acacia,tortilis,Hayne
Acer,,
Acer,hermoneum,Bornm. et Schw.
Acer,kyrcanum,Fisch. et Mey.
Acer,monspessulanum,L.
Acer,syriacum,Boiss. et Gaill.
Acer,tauricolum,Boiss. et Bal.
Actinolema,,
Actinolema,eryngioides,Fenzl
Actinolema,macrolema,Boiss.
Adenocarpus,,
Adenocarpus,complicatus,(L.) J. Gay
Adenocarpus,divaricatus,(L'Hér.) Boiss.
Adenocarpus,intermedius,D.C.
Adenotrias,,
Adenotrias,kotsckyi,Jaub. et Spach
Adenotrias,phrygia,Jaub. et Spach
Adonis,,
Adonis,aestivalis,L.
Adonis,aleppica,Boiss.
Adonis,annua,L.
Adonis,autumnalis,L.
Adonis,cupatdana,Guss.
Adonis,dentata,Del.
Adonis,eriocalycina,Boiss.
Adonis,flammea,Jacqu.
Adonis,microcarpa,D.C.
Aegilops,,
Aegilops,biuncialis,Vis.
Aegilops,lorentii,Hochstt.
Aegilops,squarrosa,L.
Aegilops,tauschii,Cosson
Aethionema,,
Aethionema,arabicum,(L.) Cràntz
Aethionema,armenum,Boiss.
Aethionema,buxbaumii,Fisch.
Aethionema,campylopterum,Boiss.
Aethionema,capitatum,Boiss. et Bal.
Aethionema,carneum,(Banks et Sol.) Fisch
Aethionema,cordatum,(Desf.) Boiss.
Aethionema,coridifolium,D.C.
Aethionema,heterocarpum,J. Gay
Aethionema,lignosum,Boiss. et Hausskn.
Aethionema,longistylum,Post
Aethionema,oppositifolium,(Lab.) Boiss.
Aethionema,polygaloides,Ledeb.
Aethionema,spicatum,Post
Aethionema,syriacum,(Boiss.) Hd.-Mz.
Agrimonia,,
Agrimonia,eupatoria,L.
Agrimonia,odorata,Mill.
Agropyron,,
Agropyron,aucheri,Boiss.
Agropyron,trichophorum,(Link) Richt.
Agrostis,,
Agrostis,semiverticillata,(Forssk.) Christ.
Ailanthus,,
Ailanthus,altissima,(Mill.) Swingle
Ailanthus,glandulosa,Desf.
Ainsworthia,,
Ainsworthia,cordata,(Jacqu.) Boiss.
Ainsworthia,trachycarpa,Boiss.
Alcea,,
Alcea,acaulis,(Cav.) Alef.
Alcea,apterocarpa,Fenzl
Alcea,chrysantha,(Sam.) Zoh.
Alcea,damascena,(Mout.) Mout.
Alcea,digitata,(Boiss.) Alef.
Alcea,dissecta,(^aker) Zoh.
Alcea,galilaea,Zoh.
Alcea,haussknechtii,Boiss.
Alcea,hohenackeri,(Boiss. et Huet) Boiss.
Alcea,kurdica,(Schlecht.) Alef.
Alcea,lavateriflora,(D.C.) Boiss.
Alcea,leiocarpa,(Sam.) Mout.
Alcea,pallida,Waldst. et Kit.
Alcea,remotiflora,(Boiss. et Heldr.) Alef.
Alcea,rhyticarpa,(Trautv.) Iljin
Alcea,rosea,L.
Alcea,rufescens,Boiss.
Alcea,setosa,(Boiss.) Alef.
Alcea,striata,(D.C.) Alef.
Alcea,sulphured,'(Boiss. et Hausskn.) Alef.
Alchemilla,,
Alchemilla,aphanes,Desf.
Alchemilla,arvensis,(L.) Scop.
Alchemilla,diademata,Rothm.
Alchemilla,noribunda,Murb.
Alchemilla,microcarpa,Boiss. et Reut.
Alhagi,,
Alhagi,camelorum,Fisch.
Alhagi,mannifera,Desf.
Alhagi,maurorum,Willd.
Alhagi,pseudalhâgi,(Bieb.) Desf.
Alliaria,,
Alliaria,officinalis,Andrz.
Alliaria,petiolata,(Bieb.) Cav. et Grande
Allium,,
Allium,asclepiadeum,Bornm.
Allium,birkinshawii,Moût.
Allium,myrianthum,Boiss.
Allium,orientale,Boiss.
Alopecurus,,
Alopecurus,anthoxanthoides,Boiss.
Alopecurus,arundinaceus,Poir.
Alopecurus,utriculatus,Banks et Sol.
Alopecurus,ventricosus,Pers.
Althaea,,
Althaea,acaulis,Cav.
Althaea,apterocarpa,Fenzl
Althaea,bertrami,Post et Beauv.
Althaea,cannabina,L.
Althaea,chrysantha,Sam.
Althaea,damascena,Moût.
Althaea,digitala,Boiss.
Althaea,disserta,Baker
Althaea,haussknechtii,(Boiss.) Benth.
Althaea,hirsuta,L.
Althaea,hohenackeri,"Boiss, et Huet"
Althaea,kotschyi,Boiss.
Althaea,kurdica,Schlecht.
Althaea,leiocarpa,Sam. ex Rech. fil.
Althaea,ludwigii,L.
Althaea,octaviae,Reut. ex Oppenh.
Althaea,officinalis,L.
Althaea,pallida,Waldst. et Kit.
Althaea,remotiflora,Boiss. et Heldr.
Althaea,rhyticarpa,Trautv.
Althaea,rosea,(L.) Cav.
Althaea,rufescens,Boiss.
Althaea,setosa,Boiss.
Althaea,striata,D.C.
Althaea,sulphurea,Boiss. et Hausskn.
Alyssum,,
Alyssum,alpestre,L.
Alyssum,alyssoides,L.
Alyssum,antilibanoticum,Rech. fil.
Alyssum,argenteum,Ung.
Alyssum,aureum,(Fenzl) Boiss.
Alyssum,baumgartnerianum,Bornm.
Alyssum,calycinum,L. -
Alyssum,campestre,L.
Alyssum,cassium,Boiss.
Alyssum,clypeatum,L.
Alyssum,condensation,Boiss. et Hoh.
Alyssum,contemptum,Schott et Ky
Alyssum,crenulatum,Boiss.
Alyssum,damascenum,Boiss. et Gaill.
Alyssum,dasycarpum,Steph.
Alyssum,degenianum,Nyaradi
Alyssum,desertorum,Stapf
Alyssum,dubertretii,Gombault
Alyssum,filifolium,Wahlenb.
Alyssum,flexibile,Nyaradi
Alyssum,haradjianii,Rech. fil.
Alyssum,hirsutum,Auct.
Alyssum,homalocarpum,(F. et M.) Boiss.
Alyssum,iranicum,Bornm.
Alyssum,lepidoto-stellatum,(Hausskn.) Dudley
Alyssum,libanoticum,Nyaradi
Alyssum,macrostylum,Boiss. et Huet
Alyssum,marginatum,Steud.
Alyssum,maritimum,(L.) Lam.
Alyssum,meniocoides,Boiss.
Alyssum,minimum,L. Willd.
Alyssum,minimum,L. Willd.
Alyssum,minus,(L.) Rothm.
Alyssum,minutum,Schlecht.
Alyssum,montanum,Auct.
Alyssum,mouradicum,Boiss. et Bal.
Alyssum,murale,Waldst. et Kit.
Alyssum,oxycarpum,Boiss. et Bal.
Alyssum,parviflorum,Bieb.
Alyssum,pyramidatulum,Bornm.
Alyssum,repens,Baumg.
Alyssum,samariferum,Boiss. et Hausskn.
Alyssum,serpyllifolium,Desv.
Alyssum,singarense,Boiss. et Hausskn.
Alyssum,stapffii,Vierh.
Alyssum,stribrnyi,Velen.
Alyssum,strictum,Willd.
Alyssum,strigosum,Banks et Sol.
Alyssum,subspinosum,Dudley
Alyssum,sulphureum,Dudl. et Huber-Morath
Alyssum,syriacum,Nyaradi
Alyssum,szowitsianum,Fisch. et Mey.
Alyssum,tetrastemon,Boiss.
Alyssum,trochocarpum,Fenz
Alyssum,umbellatum,Desv.
Alyssum,vesicaria,L.
Amaranthus,,
Amaranthus,albus,L.
Amaranthus,blitoides,C. Wats.
Amaranthus,deflexus,L.
Amaranthus,hybridus,L.
Amelanchier,,
Amelanchier,ovalis,Medik.
Amelanchier,vulgaris,Moench
Ammi,,
Ammi,majus,L.
Ammi,visnaga,L.
Ammothamnus,,
Ammothamnus,gibbosus,(D.C.) Boiss.
Ampélopsis,,
Ampélopsis,orientalis,(Lam.) Planchon
Amygdalus,,
Amygdalus,agrestis,Boiss.
Amygdalus,arabica,Oliv.
Amygdalus,communis,L.
Amygdalus,korschinskii,(Hd. Mz.) Bornm.
Amygdalus,kotsckyi,Boiss. et Heldr.
Amygdalus,orientalis,Mill.
Amygdalus,persica,L.
Amygdalus,spartioides,Spach
Anabasis,,
Anabasis,apkylla,L.
Anabasis,articulata,(Forssk.) Moqu.
Anabasis,haussknechtii,Bge
Anabasis,ramosissima,Boiss.
Anabasis,syriaca,Iljin
Anagyris,,
Anagyris,foetida,L.
Anastatica,,
Anastatica,syriaca,L.
Anatropa,,
Anatropa,tenella,Ehrenb.
Anchonium,,
Anchonium,billardieri,D.C.
Anchonium,elichrysifolium,(D.C.) Bornm.
Andrachne,,
Andrachne,rotundifolia,C.A. Mey.
Andrachne,telephioides,L.
Androsaemum,,
Androsaemum,hircinum,(L.) Spach
Andrzeiowskia,,
Andrzeiowskia,cardamine,Reichenb.
Andrzeiowskia,cardaminifolia,(D.C.) Prantl
Anemone,,
Anemone,blânda,Schott et Ky
Anemone,coccinea,Jord.
Anemone,coronaria,L.
Anemone,eyanea,Risso
Anethum,,
Anethum,foeniculum,L.
Anethum,graveolens,L.
Anethum,piperitum,Ucria
Anethum,segetum,L.
Anisopleura,,
Anisopleura,crenata,Fenzl
Anisociadium,,
Anisociadium,isosciadium,Boiss.
Anisociadium,orientale,D.C.
Anogramma,,
Anogramma,leptophylla,(L.) Link
Anthriscus,,
Anthriscus,lamprocarpa,Boiss.
Anthriscus,nemorosa,(M. Bieb) Spreng.
Anthriscus,vulgaris,Spreng.
Anthyllis,,
Anthyllis,incisa,vWilld.
Anthyllis,maura,Beck
Anthyllis,tetrapkylla,L.
Anthyllis,vulneraria,L.
Aphanes,,
Aphanes,comucopiae,Pomel
Aphanes,arvensis,L.
Apium,,
Apium,graveolens,L.
Apium,nodiflorum,(L.) Reichb.
Apium,petroselinum,L.
Arabidopsis,,
Arabidopsis,pumila,(Steph.) Busch
Arabidopsis,thaliana,(L.) Heynh.
Arabis,,
Arabis,albida,Stev.
Arabis,aucheri,Boiss.
Arabis,auriculata,Lam.
Arabis,caucasica,Schlecht.
Arabis,laxa,Sibth. et Smith
Arabis,montbretiana,Boiss.
Arabis,nova,Vill.
Arabis,nuda,Bélanger
Arabis,petiolata,M. Bieb.
Arabis,sagittata,(Bertol.) D.C.
Arabis,thaliana,L.
Arabis,turrita,L.
Argemone,,
Argyrolobium,,
Argyrolobium,crotalarioides,Jaub. et Spach
Argyrolobium,gracile,Fenzl
Argyrolobium,syriacum,Boiss.
Aristida,,
Aristida,plumosa,L.
Aristida,lanata,Forssk.
Armeniaca,,
Armeniaca,vulgaris,Lam.
Artedia,,
Artedia,squamata,L.
Arthrocnemum,,
Arthrocnemum,glaucum,(Del.) Ung. Stern.
Arthrocnemum,macrostachyum,(Moricand)
Arum,,
Arum,graminéum,Banks et Sol.
Arundo,,
Arundo,australii,Cav.
Asphodeline,,
Asphodeline,globifera,J. Gay
Asphodeline,recurva,Post
Asphodeline,taurica,(Pall.) Kunth
Aspidium,,
Aspidium,libanoticum,Ros.
Asplenium,,
Asplenium,adiantum-nigrum,L.
Asplenium,onopteris,L.
Astoma,,
Astragalus,,
Astragalus,acinaciferus,Boiss.
Astragalus,aintabicus,Boiss.
Astragalus,alexandrinus,Boiss.
Astragalus,ammocryptus,Boiss.
Astragalus,ancistrocarpus,Boiss. et Hàusskn.
Astragalus,ancyleus,Boiss.
Astragalus,andrachne,Boiss.
Astragalus,andrachnifolius,Fenzl
Astragalus,angulosus,D.G.
Astragalus,angustifolius,Lam.
Astragalus,annularis,Forssk.
Astragalus,antabicus,Boiss.
Astragalus,anthylloides,Lam.
Astragalus,antilibani,Bge
Astragalus,antiochianus,Post
Astragalus,arbainensis,Eig
Astragalus,argyrophyttus,Boiss. et Gaill.
Astragalus,argyrothamnos,Boiss.
Astragalus,ascophorus,Fisch.
Astragalus,aulacolobus,Boiss.
Astragalus,baalbekensis,Bornm.
Astragalus,baeticus,L.
Astragalus,barbatus,Lam.
Astragalus,barukanus,Eig
Astragalus,beershabensis,Eig et Sam.
Astragalus,berytheus,Boiss. et Bl.
Astragalus,bethlehemiticus,Boiss.
Astragalus,bhamrensis,Sirj. et Rech. fil.
Astragalus,bombycinus,Boiss.
Astragalus,brachyceras,Ledeb.
Astragalus,brachystachys,D.C.
Astragalus,bracteosus,Boiss. et Noë
Astragalus,butleri,Post
Astragalus,callichrous,Boiss.
Astragalus,canaliculatus,Willd.
Astragalus,cataonicus,Bge
Astragalus,cedreti,Boiss.
Astragalus,cephalotes,Banks et Sol.
Astragalus,chaborasicus,Boiss. et Hausskn.
Astragalus,chlofostegius,Boiss et Haussk. •
Astragalus,collinus,Boiss.
Astragalus,coluteoides,Willd.
Astragalus,commixtus,Bge
Astragalus,corrugatus,Bertol.
Astragalus,cretaceus,Boiss. et Ky
Astragalus,cruciatus,Link
Astragalus,cruentiflorus,Boiss.
Astragalus,cucullaris,Boiss.
Astragalus,dactylocarpus,Boiss.
Astragalus,damascenus,Boiss. et GailL
Astragalus,darmikii,Moût.
deinacanthus,,Boiss.
delbesii,,Eig
deserti-syriaci,,Eig
dictyocarpus,,Boiss.
dictyolobus,,C A Mey.
dinsmorei,,Eig
diphterites,,Fenzl
dipodurus,,Bge _
dorcoceras,,Bge
drusorum,,Boiss.
duplostrigosus,,Post et Beauv.
echinatus,,Murr.
echinops,,Boiss.
echinus,,D.C.
ehdenensis,,Moût.
ehrenbergii,,Bge
emarginatus,,Lab.
epiglottis,,L.
erihanensis,,Eig
eriophylloides,,Rech. fil.
eriopodus,,Boiss.
erisyphe,,Eig
erythrotaenius,,Boiss.
exiguus,,Post .
expansus,,Boiss.
faktorovski,,Eig
forskhalei,,Boiss.
gaillardotii,,Boiss.
galilaeus,,Freyn et Bornm.
gladiatus,,Boiss.
gombaultii,,Eig
goşsypinoides,,Hand.-Mazz.
gossypinus,,Fisch.
griseo-sericeus,,Eig
gummifer,,Lab.
guttatus,,Banks et Sol.
hamosus,,L.
hamrinensis,,Hausskn. et Bornm.
hasbeyanus,,
heliopolitanus,,Moût.
hermoneus,,Boiss.
hilaris,,Bge
hirsutissimus,,D.C.
hispidulus,,D.C.
hispidus,,Lab.
huninensis,,Freyn et Bornm.
kahiricus,,D.C.
kotschyanus,,Boiss.
kurnet-es-saudae,,Eig
lanatus,,Lab.
lepidanthus,,Boiss.
kptothamnus,,Boiss.
Hbanoticus,,Boiss.
louisir,,Thiéb.
lusitanicus,,Lam.
maaratensis,,Eig
macrocarpus,,D.C.
megaloceras,,Sam. et Eig
microthamnus,,Boiss. et Hausskn.
mitchelii,,
mcillis,,
mossulensis,,
mouterdeianus,,
nqftolskyi,,
neurocarpus,,
nitidulus,,
nucleiferus,,
nummularius,,
nusairiensis,,
nusairiensis,,
odoratus,,
oocephalus,,
oxyglottis,,
oxyphyllus,,
pabotii,,
palaestinus,,
palmyrensis,,
pentaglottis,,
pinetorum,,Boiss.
platyfaphis,,
postii,,
pseudostella,,
psilodontius,,
qàtmeftsis,,
radiatus,,
rascheyaensis,,
rauwolfii,,
roussaeanus,,
russellii,,
samuelssonii,,
sanctus,,
schimperi,,
schizopterus,,
scorpioides,,
selemiensis,,
semaanensis,,
sesameus,,
sieberi,,
sintenesii,,
sofarensis,,
spicaeiformis,,
spinosus,,
squarrosus,,
stojani,,
stramineus,,
suberosus,,
supranubius,,
surugensis,,
tadmorensis,,
trachoniticus,,
transjordanicus,,
tribuloides,,
trichopterus,,
trifoliolatus,,
triradiatus,,
tuberculosus,,
tuberculosus,vexillaris,Boiss.
tuberculosus,zachlensis,Bge
tuberculosus,zebedamenis,Freyn et Bornm.
tuberculosus,zemeraniensis,Eig
Astrantia,,
Astrantia,prenticei,Post
Astrodaucus,,
Astrodaucus,leptocarpus,(Hochst.) Drude
Astrodaucus,orientalis,(L.) Drude
Atriplex,,
Atriplex,',laevis C'A. Mey.
Atriplex,littoralis,L.
Àubrietia,,
Àubrietia,cdnescens,(Boiss.) Bornm.
Àubrietia,libanotica,Boiss.
Àubrietia,parviflora,Boiss.
Avena,,
Avena,alba,auct.
Avena,barbata,Potter
Avena,ludoviciana,Dur.
Avena,sterilis,L.
Barbarea,,
Barbarea,minor,C. Koch
Barbarea,plantaginea,D.C.
Behen,,
Behen,vulgaris,Moench
Bellevalia,,
Bellevalia,douinii,Pabot et Moût.
Berberis,,
Berberis,eretica,L.
Berberis,libanotica,Ehrenb.
Berula,,
Berula,angustifolia,(L.) Mert. et Koch
Berula,erecta,(Huds.) Coville
Biarum,,
Biarum,gramineum,(Banks et Sol.) Eig
Biarum,russellianum,Schott
Biebersteinia,,
Biebersteinia,multifida,D.C.
Bifora,,
Bifora,testiculata,Roth
Bilderdykia,,
Bilderdykia,convolvulus,(L.) Dumort.
Biscutella,,
Biscutella,ciliata,D.C.
Biscutella,coluntnae,Boiss.
Biscutella,didyma,L.
Biserrula,,
Biserrula,pelecinus,L.
Boerhavia,,
Boerhavia,africana,Loureiro
Boerhavia,plumbaginea,Cav.
Boissiera,,
Boissiera,pumilio,(Ton.) Beck.
Boissiera,squarrosa,(Banks et Sol.) Nevski
Bonavenia,,
Bonavenia,securidacaiÇL.),Desv.
Bongardia,,
Bongardia,chrysogonum,(L.) Boiss.
Bongardia,rauwolfii,C.A. Mey.
Brassica,,
Brassica,assyriaca,Moût.
Brassica,campestris,L.
Brassica,eretica,"Lam,"
Brassica,deflexa,Boiss.
Brassica,eruca,L.
Brassica,leptocarpos,Boiss.
Brassica,libanotica,Post
Brassica,napus,L.
Brassica,nigra,L.
Brassica,nivea,Boiss. et Sprun.
Brassica,oleracea,L.
Brassica,purpurascens,Banks et Sol.
Brassica,râpa,L.
Brassica,rupicola,Bouloumoy
Brassica,tournefortii,Gouan
Brassica,vesicaria,L.
Briza,,
Briza,humilis,M. Bieb.
Briza,spicata,Sibth. et Smith
Bromus,,
Bromus,diandrus,Roth
Bromus,gussonii,Pari.
Bromus,rigidus,Roth
Buffonia,,
Bullardia,,
Bullardia,vaillantii,(Willd.) D.C.
Bunias,,
Bunias,aegyptiacus,L.
Bunias,cakile,L.
Bunias,my,agroides L.
Bunias,spinosa,Turra
Bunium,,
Bunium,cassium,Boiss.
Bunium,creticum,d'Urv.
Bunium,elegans,(Fenzl) Freyn
Bunium,ferulaceum,Sibth. et Smith
Bunium,ferulifolium,Desf.
Bunium,pestalozzae,Boiss.
Bupleurum,,
Bupleurum,aleppicum,Bobs.
Bupleurum,australe,Jord.
Bupleurum,boiss,ri Post
Bupleurum,brachiatum,C. Koch
Bupleurum,brevicaule,Schlecht.
Bupleurum,cappadocicum,Boiss.
Bupleurum,croceum,Fenzl
Bupleurum,dichotomum,Boiss.
Bupleurum,fontanesii,Guss.
Bupleurum,fruticosum,L.
Bupleurum,gerardii,Ail.
Bupleurum,glaucum,Rob. et Cast.
Bupleurum,irregulare,Boiss. et Ky
Bupleurum,koechelii,Fenzl
Bupleurum,kurdicum,Boiss.
Bupleurum,lancifolium,Hornem.
Bupleurum,libanoticum,Boiss.
Bupleurum,linearifolium,D.C.
Bupleurum,nodiflorum,Sibth. et Smith
Bupleurum,odontiies,Boiss.
Bupleurum,papillosum,D.C.
Bupleurum,postii,Wolff
Bupleurum,protractum,Hoffm. et Link
Bupleurum,rotundifolium,L.
Bupleurum,semicompositum,L.
Bupleurum,subovatum,Link
Bupleurum,trichopodum,Boiss. et Sprun.
Butinia,,
Butinia,libanotica,Boiss.
Buxus,,
Buxus,longifolia,Boiss.
Buxus,sempervirens,L.
Cachrys,,
Cachrys,crispa,Pers.
Cachrys,goniocarpa,Boiss.
Cachrys,microcarpa,M. Bieb.
Cactus,,
Cactus,ficus-indica,L.
Cactus,opuntia,L.
Cakile,,
Cakile,aegyptiaca,(L.) Maire et Weiller
Cakile,maritima,Scop.
Calepina,,
Calepina,corvinii,Desv.
Calepina,irregularis,(Asso) Thell.
Calligonum,,
Calligonum,comosum,L'Hér.
Calligonum,tetrapterum,Jaub. et Spach
Callitriche,,
Callitriche,naftolskyi,Warb.
Callitriche,sp.,nova
Callitriche,truncata,Guss.
Calycotome,,
Calycotome,villosa,(Vahl) Link
Camelina,,
Camelina,anomala,Boiss et Hausskn..
Camelina,hispida,Boiss.
Camelina,lasiocarpa,Boiss. et Hausskn.
Camelina,microcarpa,Andrz.
Camelina,rumelica,Velen.
Camelina,silvestris,Wallr.
Campylopterum,,
Campylopterum,syriacum,Boiss.
Capnophyllum,,
Capnophyllum,peregrinum,(L.) Lagr.
Capparis,,
Capparis,parviflora,Boiss.
Capparis,sicula,Duhamel
Capparis,spinosa,L.
Capsella,,
Capsella,bursa-pastoris,(L.) Medik. gelmi Murr.
Capsella,procumbens,(L.) Fries
Capsella,rubella,Reut.
Cardamine,,
Cardamine,fontana,Lam.
Cardamine,graeca,L.
Cardamine,hirsuta,L.
Cardamine,uliginosa,M. Bieb.
Cardariâ,,
Cardariâ,chalepensis,(L.) Hand. Mazz.
Cardariâ,drabà,(L.) Desv.
Carex,,
Carex,buekii,Wimm.
Carex,echinata,Murr.
Carex,gracilis,Curt.
Carex,stellulata,Good.
Caroxylon,,
Caroxylon,salicomicum,Moqu.
Carpoceras,,
Carpoceras,amani,Post
Carpoceras,cappadocicum,Boiss. et Reut.
Carpoceras,oxyciras,Boiss.
Carrichtera,,
Carrichtera,annua,(L.) Asch.
Carrichtera,vellae,D.C.
Carum,,
Carum,elegans,Fenzl
Carum,ferulifolium,Boiss.
Carum,paucifolium,D.C.
Carum,pestalozzae,Boiss.
Carum,polyphyllum,Boiss. et Bl.
Carum,ridolfia,Benth. et Hook.
Caucalis,,
Caucalis,arvensis,Huds.
Caucalis,daucoides,L.
Caucalis,erythrotticha,Baiss.
Caucalis,fallax,Boiss.
Caucalis,gaillardotii,Boiss.
Caucalis,latifolia,L.
Caucalis,leptophylla,L.
Caucalis,maritima,Gouan
Caucalis,orientalis,L.
Caucalis,platycarpos,L.
Caucalis,pulcherrima,Willd.
Caucalis,pumila,L.
Caucalis,purpurea,Ten.
Caucalis,strigosa,Banks et Sol.
Caylusea,,
Caylusea,canescens,(L.) St. Hil.
Caylusea,hexagyna,(Forssk.) M.L. Green
Cephalanthera,,
Cephalanthera,damasonium,(Mill.) Druce
Cerasus,,
Cerasus,antilibanotica,Post
Cerasus,mahaleb,(L.) Mill.
Cerasus,microcarpa,(C.A; Mey.) C. Koch
Cerasus,prostrata,(Lab.) Ser.
Cerasus,tortuosa,Boiss. et Hausskn. '
Ceratocapnos,,
Ceratocapnos,palaestina,Boiss.
Ceratocephalus,,
Ceratocephalus,falcafus,(L.) Pers.
Ceratocephalus,syriacus,Stev.
Ceratonia,,
Ceratonia,siliqua,L. ..
•Ceratophyllum,,
•Ceratophyllum,demersum,L.
Cercis,,
Cercis,siliquastrum,L.
Chaerophyllum,,
Chaerophyllum,aurantiacum,Post
Chaerophyllum,libanoticum,Boiss. et Ky
Chaerophyllum,macrospermum,Fisch. et Mey.
Chaerophyllum,nemorosum,M. Bieb.
Chaerophyllum,nodosum,(L.) Lam.
Chaerophyllum,syriacum,Hempr. et Ehrenb.
Chaetosciadium,,
Chaetosciadium,trichospermum,(L.) Boiss.
Chamaenerion,,
Chamaenerion,angttstifolium,(L.) Scop.
Chamaeplium,,
Chamaeplium,officinale,(L.) Wallr.
Cheilanthes,,
Cheilanthes,catanensis,(Cosentini) H.P. Fuchs
Cheilanthes,fragrans,(L.f.) Swartz
Cheilanthes,marantae,(L.) Domin
Cheilanthes,pteridioides,(Reich.) Christ.
Cheiranthus,,
Cheiranthus,bicornes,Sibth. et Smith
Cheiranthus,cheiri,L.
Cheiranthus,contortuplicatus,Steph.
Cheiranthus,fruticulosus,L.
Cheiranthus,longipetalus,Vent.
Cheiranthus,maritimus,L.
Cheiranthus,sulphureus,Banks et Sol.
Cheiranthus,tristis,L.
Chelidonium^,,
Chelidonium^,comiculatum,L.
Chelidonium^,dodecandrum,Forssk.
Chelidonium^,glaucium,L.
Chelidonium^,hybridum,L.
Ghesneya,,
Ghesneya,olivieri,Jaub. et Spach
Ghesneya,rhytidosperma,Jaub. et Spach
Chorispora,,
Chorispora,purpurascens,Banks et Sol.
Chorispora,syriaca,Boiss.
Chorispora,tenella,(Pall.) D.C.
Chrozophora,,
Chrozophora,hierosolymitana,Spreng.
Chrozophora,obliqua,(Vahl) A. dejuss.
Chrozophora,tinctoria,(L.) Raf.
Chrozophora,verbascifolia,(Willd.) A. Juss.
Chrysocamela,,~
Chrysocamela,velutina,(D.G.) Boiss.
Cicer,,
Cicer,arietinum,L.
Cicer,bîjugum,Rech. fil.
Cicer,ervoides,(Sieb.) Fenzl Brign.
Cicer,ervoides,(Sieb.) Fenzl Brign.
Cicer,incisum,(Willd.) K. Maly
Cicer,lens,Willd.
Cicer,pinnatifidum,Jaub. et Spach
Gircaea,,
Gircaea,lutetiana,L.
Cissus,,
Cissus,orientalis,Lam.
Cistus,,
Cistus,aegyptiacus,L.
Cistus,arabicus,L.
Cistus,creticus,L.
Cistus,ellipticus,Desf.
Cistus,/umana,L.
Cistus,glutinosus,L.
Cistus,guttatus,L.
Cistus,ledifolius,L.
Cistus,Hppii,L.
Cistus,niloticus,L.
Cistus,nudifolius,Lâm.
Cistus,nummularius,L.
Cistus,racemosus,L.
Cistus,sàlviifolius,L.
Cistus,stipulatus,Forssk.
Cistus,thymifolius,L.
Cistus,tomentosus,Scop.
Cistus,umbellatus,L.
Cistus,villosus,L.
Clematis,,
Clematis,cirrhosa,L.
Clematis,flammula,L.
Clematis,vitalba,L.
Clematis,viticella,L.
Cleome,,
Cleome,glauca,D.C.
Cleome,glaucescens,D.C.
Cleome,kotschyana,Boiss.
Cleome,noëana,Boiss.
Cleome,ornithopodioides,L.
Clypeola,,
Clypeola,campestris,L.
Clypeola,echinata.,D.C.
Clypeola,jonthlaspi,L.
Clypeola,lappacea,Boiss.
Clypeola,maritima,L.
Clypeola,microcarpa,Moris
Clypeola,minor,L.
Cnidium,,
Cnidium,orientale.,Boiss.
Cochlearia,,
Cochlearia,coronopus,L.
Cochlearia,velutina,D.C.
Colchicum,,
Colchicum,fasciculare,"(L.) R. Br. , Boiss."
Colchicum,fasciculare,"(L.) R. Br. , Boiss."
Colchicum,halepense,Freyn
Colladonia,,
Colladonia,alata,Boiss.
Colladonia,anisoptera,Boiss.
Colladonia,crenata,(Fenzl) Boiss.
Colladonia,microcarpa,(Benth. et Hook.)
Colladonia,syriaca,Boiss.
Colutea,,
Colutea,arborescens,L.
Colutea,cilicica,Boiss. et Bal.
Colutea,haleppica,Lam.
Colutea,istria,Mill.
Colutea,"""melanocalyx",Boiss.
Colutea,spinosa,Forssk.
Coluteocarpus,,
Coluteocarpus,reticulatus,(Lam.) Boiss. -
Coluteocarpus,vesicarius,(L.) Holmboe
Commicarpus,,
Commicarpus,africanus,(Lour.) Dandy
Conium,,
Conium,maculatum,L.
Conringia,,
Conringia,clavata,Boiss.
Conringia,orientalis,(L.) Dum.
Conringia,perfoliata,(C.A. Mey.) Dum.
Consolida,,
Consolida,ambigua,(li.) Ball et Heywood
Consolida,anthoroidea,(Boiss.) Schrôd.
Consolida,axilliflora,(D.C.) Schrôd.
Consolida,coelesyriaca,Mout.
Consolida,deserti-syriaci,(Zoh.) Munz
Consolida,flâva,(D.C.) Schrod.
Consolida,gombaultii,(Thiéb.) Munz
Consolida,hellespontica,(Boiss.) Chater
Consolida,hohenackeri,(Boiss.).Grossheim
Consolida,incana,(Clarke) Munz
Consolida,oligantha,(Boiss.) Auct.
Consolida,oliveriana,(D.C.) Schrôd.
Consolida,orientalis,(Gay) Schroder
Consolida,pusilla,(Lab.) Schrôd. .
Consolida,rigida,(D.C.) Hayek
Consolida,rugulosa,(Boiss.) Schrôd.
Consolida,tomentosa,(Âuch. ex Boiss.)
Corchorus,,
Corchorus,olitorius,L.
Coriandrum,,
Coriandrum,sativum,L.
Coriandrum,testiculatum,L.
Coriandrum,tordylioides,Boiss.
Coriandrum,tordylium,(Fenzl) Bornm.
Cornus,,
Cornus,australis,C.A. Mey.
Cornus,mas,L.
Cornus,sanguinea,L.
Goronilla,,
Goronilla,eretica,L.
Goronilla,emeroides,Boiss. et Sprun.
Goronilla,emerus,L.
Goronilla,libanotica,Boiss.
Goronilla,parviflora,Willd.
Goronilla,scorpioides,(L.) C. Koch
Goronilla,securidaca,L.
Goronilla,varia,L.
Coronopus,,
Coronopus,squamatus,(Forskk.) Asch.
Coronopus,verrucarius,(Gars.) Muschl. et Thell.
Corydalis,,
Corydalis,libanotica,Hochstt.
Corydalis,rutifolia,Sibth. et Smith
Corydalis,solida,(L.) Swartz
Cotinus,,
Cotinus,coggygria,Scop.
Cotoneaster,,
Cotoneaster,nummulariifolia,Fisch. et Mey.
Cotoneaster,racemiflora,(Desf.) C. Koch
Cotoneaster,pyracantha,(L.) Spach
Cotyledon,,
Cotyledon,horizontalis,Guss.
Cotyledon,intermedia,(Boiss.) Bornm.
Cotyledon,libanotica,(L.) Labili.
Cotyledon,pestalozzae.,(Boiss.) Mart.
Cotyledon,tropaeolifolia,(Boiss.) Bornm.
Cotyledon,tuberosa,(L.) Halacsy
Cotyledon,umbilicus-veneris,L.
Crambe,,
Crambe,alutacea,Hand.-Mazz.
Crambe,aucheri,Boiss.
Crambe,glàberrima,(Bornm.) Moût.
Crambe,hispanica,L.
Crambe,orientalis,L.
Crambe,persica,Boiss.
Crassula,,
Crassula,alata,(Viv.) Berger
Crassula,caespitosa,Cav.
Crassula,magnolii,D.C.
Crassula,microcarpa,"Sibth, et Smith"
Crassula,vaillantii,(Willd.) Roth
Crataegus,,
Crataegus,azarolus,L.
Crataegus,monogyna,Willd.
Crataegus,sinaica,Boiss.
Crataegus,tortninalis,L.
Crataegus,trilobata,Lab.
Crithmum,,
Crithmum,maritimum,L.
Crithopsis,,
Crithopsis,aegilopoides,Link
Crocus,,
Crocus,aleppicus,Baker
Croton,,
Croton,tinctorium,L.
Croton,verbascifolium,Willd.
Cyclotaxis,,
Cyclotaxis,palaestina,Boiss.
Cyclotaxis,turgida,Boiss.
Crystopţeris,,
Crystopţeris,filix-fragilis,(L.) Borbas
Crystopţeris,fragilis,(L.) Bernh.
Cytisopsis,,
Cytisopsis,doryeniifolia,Jaub. et Spach
Cytisus,,
Cytisus,cassiùs,Boiss.
Cytisus,dioaricatus,L'Hér.
Cytisus,drepanolobus,Boiss.
Cytisus,pterocladus,Boiss.
Cytisus,syriacus,Boiss. et Bl.
Danaa,,
Danaa,aquilegifolia,AU.
Danaa,cornubiensis,(Torn.) Burm.
Daphne,,
Daphne,libanotica,Moût.
Daphne,oleifolia,Lam. '
Daphne,oleoides,Schreb.
Daphne,sericea,Vahl
Datisca,,
Datisca,cannabina,L.
Daucus,,
Daucus,aleppicus,Thiéb.
Daucus,aureus,Desf.
Daucus,blanchei,Reut.
Daucus,broteri,Ten.
Daucus,carota,L. ssp. maximus
Daucus,carota,Desf.
Daucus,guttatus,Sibth. et Smith
Daucus,leptocarpus,Hochst.
Daucus,littoralis,Sibth et Smith
Daucus,maximus,Desf.
Daucus,imerosciadius,Boiss.
Daucus,pulcherrimus,(Willd.) Koch
Daucus,pumilus,(L.) Hall
Daucus,setulosus,Guss.
Daucus,speciosus,Casaţi
Daucus,visnaga,L.
Delphinium,,
Delphinium,ajacis,Auct.
Delphinium,ambiguum,L.
Delphinium,anthoroideum,Boiss.
Delphinium,axilliflorum,D.C.
Delphinium,cappadocicum,Boiss.
Delphinium,deserti-syriaci,Zoh.
Delphinium,flavum,D.C.
Delphinium,gombaultii,Thiéb.
Delphinium,halteratum,Sibth et Smith
Delphinium,ithaburense,Boiss.
Delphinium,junceum,D.C.
Delphinium,kurdicum,Boiss. et Hoh.
Delphinium,macrostachyum,Boiss. ex Huth
Delphinium,oliganthum,Boiss.
Delphinium,oliverianum,D.C.
Delphinium,orientale,J. Gay
Delphinium,peregrinum,L.
Delphinium,pusillum,Lab.
Delphinium,pygmaea,Poir.
Delphinium,rigidum,D.C.
Delphinium,rugulosum,Boiss.
Delphinium,salmoneum,Moût.
Delphinium,sclerocladum,Boiss.
Delphinium,staphisagria,L.
Delphinium,tomentosum,Auch.
Delphinium,venulosum,Boiss.
Delphinium,virgatum,Poir.
Descurainia,,
Descurainia,sophia,(L.) Webb et Prantl
Desmaziera,,
Desmaziera,woronowii,(Hack) Ocz
Dictamnus,,
Dictamnus,albus,L.
Didesmus,,
Didesmus,rostratus,Boiss.
Diplotaxis,,
Diplotaxis,erucoides,(L.) D.C.
Diplotaxis,harra,(Forssk.) Boiss.
Diplotaxis,tenuifolia,(L.) D.Ç.
Diplotaxis,viminea,(L.) D.C.
Diptychocarpus,,
Diptychocarpus,strictus,(Fisch. et Mey.) Trautv.
Dolichos,,
Dolichos,luteolus,Jacqu.
Dorema,,
Dorema,meifolia,Fenzl
Dorycnium,,
Dorycnium,anatolicum,Boiss.
Dorycnium,hausskfiechtii,Boiss.
Dorycnium,hirsutum,(L.) Ser.
Dorycnium,libanoticum,Boiss.
Dorycnium,rectum,(L.) Ser.
Draba,,
Draba,oxycarpa,Boiss.
Draba,praecox,Stev.
Draba,verna,L.
Draba,versicaria,Desv.
Drabopsis,,
Drabopsis,nuda,(Bel.) Stapf
Drabopsis,verna,G- Koch
Drosanthe,,
Drosanthe,helianthemoides,Jaub. et Spach
Drosera,,
Drosera,rotundifolia,L.
Dryopteris,,
Dryopteris,aculeata,(L.) O. Kuntze
Dryopteris,libanotica,(Ros.) Christ.
Dryopteris,pallida,(Bory) Fomin
Dryopteris,villarii,(Thell.) Woynar
Ducrosia,,
Ducrosia,anethifolia,D.C.
Ducrosia,flabellifolia,Boiss.
Echinophora,,","
Echinophora,sibthorpiana,Guss.
Echinophora,tenuifolia,L.
Echinophora,angustifolia,L.
Echinophora,hortensis,Bieb.
Elaeosticta,,
Elaeosticta,meifolia,Fenzl.
Elatine,,
Elatine,campylosperma,Seub.
Elatine,macropoda,Guss.
Enarthrocarpus,,
Enarthrocarpus,arcuatus,Lab.
Enarthrocarpus,lyratus,(Forssk.) Boiss.
Ephedra,,
Ephedra,alata,Decne
Ephedra,alte,CA. Mey..
Ephedra,transitoria,Riedl
Epilobium,,
Epilobium,adnatum,Gmel.
Epilobium,alsinifolium,Vill.
Epilobium,angustifolium,L.
Epilobium,gemmascens,C.A. Mey.
Epilobium,hirsutum,L
Epilobium,lanceolatum,Seb. et Mauri
Epilobium,menthoides,"Boiss, et Heldr."
Epilobium,minutiflofum,Hausskn.
Epilobium,modestum,Hausskn.
Epilobium,montanum,L.
Epilobium,parviflorum,Schreb.
Epilobium,roseum,Schreb.
Epilobium,spicatum,Lam.
Epilobium,tetragonum,L.
Epilobium,tomentosum,Vent.
Epilobium,toumefortii,Michalet
Equisetum,,
Equisetum,maximum,Auct.
Equisetum,telmateia,Ehrh.
Eragrostis,,
Eragrostis,collina,Trin.
Eragrostis,minor,Host
Eragrostis,poaeoides,P. Beauv.
Eragrostis,tatarica,(Fisch.) Henr.
Eremosporum,,
Eremosporum,olivieri,Spach
Erianthus,,
Erianthus,hostii,Griseb.
Erianthus,ravennae,(L.) Beauv.
Eriocarpaea,,
Eriocarpaea,pinnata,Bertol.
Eriolobus,,
Eriolobus,trilobatus,(Lam.) Roem.
Erodium,,
Erodium,acaule,(L.) Becherer et Thell.
Erodium,amanum,Boiss. et Ky
Erodium,botrys,(Cav.) Bertol.
Erodium,bryoniifolium,Boiss.
Erodium,ciconium,(L.) L'Hér.
Erodium,cicutarium,(L.) L'Hér.
Erodium,gaillardotii,Boiss.
Erodium,glaucophyllum,(L.) L'Hér.
Erodium,gruinum,(L.) L'Hér.
Erodium,hirtum,(Forssk.) Wffld.
Erodium,laciniatum,(Cav.) Willd.
Erodium,malacoides,(.) Willd.
Erodium,moschatum,(Burm. fil.) L'Hér.
Erodium,oxyrrhynchum,Boiss.
Erodium,pulverulmtum,(Cav.) L'Hér.
Erodium,romanum,(Burm. fil.) L'Hér.
Erodium,subtrilobum,Jord.
Erodium,trichomanifolium,L'Hér.
Erophila,,
Erophila,gilgiana,(Musehl.) O.E. Schulz
Erophila,minima,C.A. Mey.
Erophila,praecox,(Stev.) DJÙ.
Erophila,setulosa,Boiss. et Bal.
Erophila,verna,(L.) E. Meyţer
Erophila,vulgaris,D.C.
Eruca,,
Eruca,cappadocica,Reut.
Eruca,sativa,Mill.
Eruca,vesicaria,(L.) Cav.
Erucaria,,
Erucaria,aleppiea,Gaertn.
Erucaria,bornmuelleri,O.E.Sch.
Erucaria,boveana,Coss.
Erucaria,cakiloides,(D.C.) O.E. Schulz
Erucaria,hamrinensis,Bornm.
Erucaria,hispanica,(L.) Druce
Ervum,,
Ervum,ervilia,L.
Ervum,ervoides,(Brign.) Hayek
Ervum,hirsutum,L.
Ervum,lens,L.
Ervum,lenticula,Schreb.
Ervum,nigricans,M. Bieb.
Ervum,orientale,Boiss.
Ervum,pubescens,D.C.
Ervum,tenuissimum,M. Bieb.
Eryngium,,
Eryngium,barrelieri,Boiss.
Eryngium,billardieri,Laroche
Eryngium,bithynicum,Boiss.
Eryngium,campestre,L.
Eryngium,creticum,Lam.
Eryngium,desertorum,Zoh.
Eryngium,falcatum,Laroche
Eryngium,glomeratum,Lam.
Eryngium,heldreichii,Boiss.
Eryngium,maritimum,L.
Eryngium,pusillum,Desf.
Eryngium,pyramidale,Boiss. et Hausskn.
Erysimum,,
Erysimum,bicorne,Ait.
Erysimum,blancheanum,Boiss.
Erysimum,crassipes,CA. Mey.
Erysimum,goniocaulon,Boiss.
Erysimum,hamosum,Blanche
Erysimum,hirschfeldioides,"Bois, et Hskn."
Erysimum,libanoticum,Post
Erysimum,officinale,L.
Erysimum,oleifoliumj.,Gay
Erysimum,purpureum,Auch.
Erysimum,repandum,L.
Erysimum,rigidum,D.C.
Erysimum,scabrurri,D.C.
Erysimum,şmyrnaeum,D.C.
Erysimum,tenellum,D.C.
Erysimum,verrucosum,Boiss. et Gaill.
Euclidium,,
Euclidium,syriacum,(L.) R. Br.
Eunomia,,
Eunomia,oppositifolia,(Lab.) D.C.
Euonymus,,
Euonymus,latifolius,Scop.
Euphorbia,,
Euphorbia,aleppiea,L.
Euphorbia,altissima,Boiss.
Euphorbia,antilibanotica,Moût.
Euphorbia,apios,L.
Euphorbia,arguta,Banks et Sol.
Euphorbia,aulacosperma,Boiss.
Euphorbia,berythea,Boiss. et Bl.
Euphorbia,biglandulosa,Desf.
Euphorbia,cassia,Boiss.
Euphorbia,caudiculosa,Boiss.
Euphorbia,chaborasica,Gombault
Euphorbia,chamaepeplus,Boiss. et Gaill.
Euphorbia,chamaesyce,L.
Euphorbia,cheiradenia,Boiss. et Hoh.
Euphorbia,chesneyi,(Kl. et Garcke) Khan
Euphorbia,cornuta,"Pers,"
Euphorbia,cybirensis,Boiss.
Euphorbia,dendroides,L.
Euphorbia,densa,Schrenk
Euphorbia,erinacea,Boiss. et Ky
Euphorbia,eriophora,Boiss.
Euphorbia,exigua,L.
Euphorbia,falcata,L.
Euphorbia,fistulosa,M.S. Khan
',,
',gaillardotii,Boiss. et Ky
',geniculata,Ortega
',granulata,Forssk.
',haussknechtii,Boiss. et D.C.
',helioscopia,L.
',herniariifolia,Willd.
',hirta,L.
',isthmia,Tack.
',kahirensis,Raeusch
',kotschyana,Fenzl
',lanata,Siehe
',louisii,Thiéb.
',macroclada,Boiss.
',macrostegia,Boiss.
',mesopotamica,M.S. Khan
',microsphaera,Boiss.
',oxyodonta,Boiss et Hausskn.
',palmyrena,Mout.
',paralias,L.
',peplis,L.
/,,
/,peploides,Gouan
/,peplus,L.
/,petiolata,Banks et Sol.
/,petrophila,C.A. Mey.
/,phymatosperma,Boiss. et Gaill.
/,physocaulos,Mout.
/,pilulifera,L.
/,postii,Boiss.
/,promecocarpa,Davis
/,prunifolia,Jacqu.
/,pubescens,Vahl
/,retuşa,Forssk.
/,reuteriana,Boiss.
/,szovitsii,Fisch. et Mey.
/,terracina,L.
/,thamnoides,Boiss.
/,tinctoria,Boiss.
/,verrucosa,L.
Exoacantha,,
Exoacantha,heterophylla,Lab.
Factorovskya,,
Factorovskya,aschersoniana,(Urban) Eig
Fagonia,,
Fagonia,bruguieri,D.C.
Fagonia,olivieri,D.C
Falcaria,,
Falcaria,rivinii,Host
Falcaria,vulgaris,Bernh.
Farsetia,,
Farsetia,aegyptiaca,Turra
Farsetia,cheiranthoides,R. Br.
Farsetia,clypeata,(L.) R. Br.
Farsetia,eriocarpa,D.C.
Ferula,,
Ferula,armandii,Mout.
Ferula,barbeyi,Post
Ferula,bilasi,Post
Ferula,biverticillata,Thiéb.
Ferula,blanchei,Boiss.
Ferula,cassii,Zoh. et Davis
Ferula,communis,L.
Ferula,hermonis,Boiss.
Ferula,hispida,Friv.
Ferula,meifolia,(Fenzl) Boiss.
Ferula,orbicularis,Post et Beauv.
Ferula,palmyrensis,Post et Beauv.
Ferula,scabra,Fenzl
Ferula,tingitana,L.
Ferulago,,
Ferulago,amani,Post
Ferulago,auranitica,Post
Ferulago,autumnalis,Thiéb.
Ferulago,cassia,Boiss.
Ferulago,frigida,Boiss.
Ferulago,macrocarpa,(Fenzl) Boiss.
Ferulago,pauciradiata,Boiss. et Heldr.
Ferulago,syriaca,Boiss.
Fibigia,,
Fibigia,clypeata,(L.) Medik.
Fibigia,eriocarpa,(D.C.) Boiss.
Fibigia,heterophylla,Rech. fil.
Fibigia,obovata,Boiss.
Fibigia,rostrata,(Schenk) Boiss.
Ficaria,,
Ficaria,ficarioides,(Bory et Chaub.)
Ficaria,grandiflora,Robert
Figaraea,,
Figaraea,aegyptiaca,Viv.
Foeniculum,,
Foeniculum,capillaceum,Gilib.
Foeniculum,officinale,All.
Foeniculum,piperitum,(Ucria) Sweet
Foeniculum,vulgare,Mill.
Fragaria,,
Fragaria,vesca,L.
Frangula,,
Frangula,alnus,Mill.
Frankenia,,
Frankenia,hirsuta,L.C.
Frankenia,hispida,D.C.
Frankenia,pulverulenta,L.
Fumana,,
Fumana,arabica,(L.) Spach
Fumana,ericoides,Auct.
Fumana,glutinosa,(L.) Boiss.
Fumana,oligosperma,Boiss. et Ky
Fumana,procumbens,Dunal
Fumana,scoparia,Pomel
Fumana,spachii,Boiss.
Fumana,thymifolia,(L.) Spach
Fumana,viscida,Spach
Fumăria,,
Fumăria,agraria,Lagr.
Fumăria,anatolica,Boiss.
Fumăria,asepala,Boiss.
Fumăria,bulbosa,L.
Fumăria,capreolata,L.
Fumăria,cilicica,Hausskn.
Fumăria,densiflora,D.G.
Fumăria,gaillardotii,Boiss.
Fumăria,judaica,Boiss.
Fumăria,kralikii,Jord.
Fumăria,macrocarpa,Pari.
Fumăria,micrantha,Lagr.
Fumăria,officinalis,L.
Fumăria,parviflora,Lam.
Fumăria,petteri,Reichenb.
Fumăria,rutifolia,(Sibth. et Smith) D.C.
Fumăria,thuretii,Boiss.
Fumăria,vaillantii,Lois.
Gagea,,
Gagea,anisanthos,C. Koch
Gagea,dayana,Chodat et Beauv.
Gagea,fistulosa,(Ram.) Ker-t awl
Galega,,
Galega,assyriaca,Moût.
Galega,officinalis,L.
Gamosepalum,,
Gamosepalum,alyssoides,Hausskn.
Garidella,,
Garidella,unguicularis,Lam.
Genista,,
Genista,acanthoclada,D.C.
Genista,albida,Willd.
Genista,anatolica,Boiss.
Genista,cassia,Boiss.
Genista,fasselata,Decne
Genista,libanotica,Boiss.
Genista,lydia,Boiss.
Genista,patula,M. Bieb.
Genista,pestalozzae,Boiss.
Genista,raetum,Forssk.
Genista,sphacelata,Decne
Geranium,,
Geranium,acaule,L.
Geranium,asphodeloides,Burm. f.
Geranium,botrys,Cav.
Geranium,ciconium,L.
Geranium,cicutarium,L.
Geranium,cinéreum,Cav.
Geranium,columbinum,L.
Geranium,crenophilum,Boiss.
Geranium,dissectum,L.
Geranium,glaucopkyllum,L.
Geranium,gruinum,L. /
Geranium,hirtum,Forssk.
Geranium,laciniaium,Cav.
Geranium,libani,P.H. Davis
Geranium,libanoticum,Schenk Boiss.
Geranium,libanoticum,Schenk Boiss.
Geranium,lucidum,L.
Geranium,malacoides,L.
Geranium,molle,L.
Geranium,moschatum,Burm. f.
Geranium,pallens,M. Bieb.
Geranium,purpureum,Vill.
Geranium,',pusillum L.
Geranium,pyrenaicum,Burm. fil.
Geranium,rôbertianum,L.
Geranium,romanum,Burm. fil.
Geranium,rotundifolium,L.
Geranium,subcaulescens,L'Hér.
Geranium,tuberosum,L.
Geum,,
Geum,heterocarpum,Boiss.
Geum,urbanum,L.
Gladiolus,,
Gladiolus,imbricatus,L.
Glastaria,,
Glastaria,deflexa,Boiss.
Glaucium,,
Glaucium,aleppicum,Boiss. et Hausskn.
Glaucium,corniculatum,(L.) Curt.
Glaucium,flavum,Crantz
Glaucium,grandiflorum,Boiss. et Huet
Glaucium,leiocarpum,Boiss.
Glaucium,luteum,Scop.
Glycyrrhiza,,
Glycyrrhiza,asperrima,L. f.
Glycyrrhiza,echinata,L.
Glycyrrhiza,flavescens,Boiss.
Glycyrrhiza,glabra,L.
Glycyrrhiza,glandulifera,Waldst. et Kit.
Glycyrrhiza,violacea,Boiss.
Glycyrrhizopsis,,
Glycyrrhizopsis,flavescens,(Boiss.) Boiss. et Bal.
Goebelia,,
Goebelia,alopecuroides,(L.) Boiss.
Gonocytisus,,
Gonocytisus,pterocladus,Boiss.
Gymnogramtna,,
Gymnogramtna,leptophylla,(L.) Desv.
Halimium,,
Halimium,umbellatum,(L.) Spach
Haloxylon,,
Haloxylon,articulatum,' (Cav.) Bge
Haloxylon,elegans,Bge
Haloxylon,ramosissimum,(Boiss.) Benth. et Hook.
Haloxylon,salicornicum,(Moqu.) Bge
Hammada,,
Hammada,eigii,Iljin
Hammada,elegans,(Bge) Iljin
Hammada,salicornica,"(Moq.) Iljin"""
Hammatolobium,,
Hammatolobium,lotoides,Fenzl
Haplophyllum,,
Haplophyllum,armenum,Spach
Haplophyllum,blanchei,Boiss.
Haplophyllum,bourgaei,Boiss.
Haplophyllum,buxbaumii,Poir.
Haplophyllum,candolleanum,Boiss.
Haplophyllum,chaborasium,Boiss. et Hausskn.
Haplophyllum,cilicicum,Boiss.
Haplophyllum,deserti,Post et Beauv.
Haplophyllum,filifolium,Spach
Haplophyllum,fruticulosum,(Lab.) Boiss.
Haplophyllum,glabrum,(D.C.) Hand.-Mazz.
Haplophyllum,haussknechtii,Boiss.
Haplophyllum,mesopotamicum,Boiss. • \ .
Haplophyllum,propinquum,Spach
Haplophyllum,rubellulum,Thiéb. et Gomb.
Haplophyllum,suaveolens,(D.C.) G- Don.
Haplophyllum,sylvaticum,Boiss.
Haplophyllum,tuberculosum,(Forssk.) A. Juss.
Haplophyllum,villosulum,Boiss. et Hausskn.
Hasselquistia,,
Hasselquistia,aegyptiaca,L.
Hedera,,
Hedera,helix,L.
Hedysarum,,
Hedysarum,atomarium,Boiss.
Hedysarum,capitatum,Desf.
Hedysarum,coelesyriacum,Sam.
Hedysarum,cornutum,h.
Hedysarum,coroharium,L.
Hedysarum,kotschyi,Boiss.
Hedysarum,pollens,(Moris) Halacsy'
Hedysarum,pannosum,Boiss.
Hedysarum,pseudalkagi,(Bieb.) Desv.
Hedysarum,spinosissimum,L.
Hedysarum,supinum,Chaix
Heldreichia,,
Heldreichia,bupleurifolia,Boiss.
Helianthemum,,
Helianthemum,aegyptiacum,(L.) Mill.
Helianthemum,campylopus,Sam.
Helianthemum,chamaecistus,Auct.
Helianthemum,ellipticum,(Desf.) Pers.
Helianthemum,guttatum,(L.) Boiss.
Helianthemum,kahiricum,Del.
Helianthemum,kotschyanum,Boiss.
Helianthemum,lasiocarpum,Willk.
Helianthemum,lavandulifolium,Lam.
Helianthemum,ledifolium,(L.) Mill.
Helianthemum,lippii,(L.) Dum.-Cours.
Helianthemum,niloticum,(L.) Moench
Helianthemum,nummularium,(L.) Mill.
Helianthemum,procumbens,Dunal
Helianthemum,racemosum,(L.) Pau
Helianthemum,salicifolium,(L.) Mill
Helianthemum,syriaeum,Boiss/
Helianthemum,tomentosum,Scop.
Helianthemum,umbellatum,(L.) Mill.
Helianthemum,vesicarium,Boiss.
Helianthemum,viride,Ten.
Helianthemum,vulgare,Gaertn.
Helleborus,,
Helleborus,vesicarius,Auch.
Helosciadium,,
Helosciadium,nodiflorum,C. Koch
Henrardia,,
Henrardia,persica,(Boiss.) C. Hubb.
Henrardia,pubescens,(Bertol.) C. Hubb.
Heptaptera,,
Heptaptera,alata,(Boiss.) Tutin
Heptaptera,anisoptera,(Boiss.) Tutin
Heptaptera,crenata,(Fenzl) Tutin
Heptaptera,microcarpa,(Boiss.) Tutin
Heracleum,,
Heracleum,absinthifolium,Vent.
Heracleum,carmeli,Labili.
Heracleum,humile,Sibth. et Smith
Hesperis,,
Hesperis,africana,L.
Hesperis,Ma,L.
Hesperis,crenulata,D.C.
Hesperis,elata,Hornem.
Hesperis,kotschyana,Fenzl
Hesperis,matronalis,L.
Hesperis,pendula,D.C.
Hesperis,pulchella,D.D.
Hesperis,pulmonarioides,Boiss.
Hesperis,venta,L.
Hesperis,violacea,Boiss.
Hibiscus,,
Hibiscus,trionum,L.
Himantoglossum,,
Himantoglossum,caprinum,(M. Bieb.) Spreng.
Hippocrepis,,
Hippocrepis,bisiliqua,Forssk.
Hippocrepis,multisiliquosa,L.
Hippocrepis,unisiliquosa,L.
Hippomarathrum,,
Hippomarathrum,boissieri,Reut. et Hausskn.
Hippomarathrum,crispum,(Pers.) Koch
Hippomarathrum,scabrum,(Fenzl) Boigs.
Hirschfeldia,,
Hirschfeldia,incana,(L.) Lagrèze-Fossat
Hprdeum,,
Hprdeum,geniculatum,Ail.
Hprdeum,glaucum,Steud.
-,,gussoneanum Pari.
-,hxjitrix,Roth
-,leporinum,Link.
-,maritinîum,With.
Hornungia,,
Hornungia,procumberti,(L.) Hayek
Hutchinsia,,
Hutchinsia,procumbens,(L.) Desv.
Hydrocotyle,,
Hydrocotyle,natans,Cyr.
Hydrocotyle,ranunculoides,L. fil.
Hymenocarpus,,
Hymenocarpus,circinnatus,(L.) Savi
Hymenocarpus,nummularius,'(D.C.) G. Don.
Hymenolobus,,
Hymenolobus,procumbens,(L.) Nutt.
Hypecoum,,
Hypecoum,grandiflorum,Benth.
Hypecoum,imberbe,Sibth. et Smith
Hypecoum,procumbens,L.
Hypericum,,
Hypericum,acutum,MoencnV
Hypericum,adenocarpum,MiroX^^
Hypericum,adenocladum,Boiss.
Hypericum,alternifolium,Labili.
Hypericum,amanum,Boiss.
Hypericum,amblyosepalum,Hochstt.
Hypericum,capitatum,Choisy
Hypericum,cardiophyllum,Boiss.
Hypericum,cassium,"Boiss. ,"
Hypericum,confertum,Choisy
Hypericum,crispum,L.
Hypericum,"cuneatum,",Poir.
Hypericum,fieldianum,Rech.
Hypericum,gracile,Boiss.
Hypericum,helianthemoides,Spach
Hypericum,hircinum,L.
Hypericum,hyssopifolium,Chaix
Hypericum,laeve,Boiss.
Hypericum,lanuginosum,Lam.
Hypericum,libanoticum,N. Robson
Hypericum,lorentii,Hochst.
Hypericum,lydium,Boiss.
Hypericum,montbretii,Spach
Hypericum,nanum,Poir.
Hypericum,olivieri,(Spach) Boiss.
Hypericum,olympicum,L.
Hypericum,origanifolium,Willd.
Hypericum,pallens,Banks et Sol.
Hypericum,perforatum,L.
Hypericum,praedonum,Hand.-Mazz.
Hypericum,quadrangulum,L.
Hypericum,retusum,Auch.
Hypericum,rubrum,Hochstt.
Hypericum,russeggeri,(Fenzl) R.- Keller
Hypericum,scabrum,L.
Hypericum,serpyllifolium,Lam.
Hypericum,tetrapterum,Fries
Hypericum,thymifolium,Banks et Sol.
Hypericum,triquetrifolium,Turra
Hypericum,venustum,Fenzl
Hypoxis,,
Hypoxis,fascicularis,L.
Iberis,,
Iberis,acutiloba,Bertol.
Iberis,odorata,L.
Iberis,sempervirens,L.
Iberis,taurica,D.C.
Hex,,
Hex,aquifolium,L.
Hex,colchica,Poj.
Iriscălcarea,,Dinsm.
Iriscălcarea,nusairiensis,"Moût,"
Iriscălcarea,sofarana,Foster
Isatis,,
Isatis,aleppica,Scop.
Isatis,cappadocica,Desv.
Isatis,glauca,Auch.
Isatis,latisiliqua,Boiss.
Isatis,lusitanica,L.
Isatis,microcarpaj.,Gay
Isatis,subradiata,Rupr.
Isatis,tinctpria,L.
Isnardia,,
Isnardia,palustris,L.
Johrenia,,
Johrenia,aurea,Boiss. et Bal.
Johrenia,dichotoma,D.C.
Johrenia,fungosa,Boiss.
Johrenia,juncea,Boiss.
Johrenia,porten,Post
Johrenia,tordylium,Fenzl
Johrenia,westii,Post
Juncus,,
Juncus,aràbicus,(Asch. et Schw.) Adams
Juncus,maritimus,Lam.
Jussiaea-,,
Jussiaea-,repens,L.
Jussiaea-,stolonifera,Guill. et Perr.
Keramocarpus,,
Keramocarpus,tordylium,Fenzl
Kitaibelia,,
Kitaibelia,balansae,Boiss.
Koeleria,,
Koeleria,phleoides,(Vili.) Pers.
VV.1l.*,,
Kohlrauschia,,
Kohlrauschia,velutina,(Guss.) Reichenb.
Koniga,,
Koniga,maritima,(L.) R. Br.
Krubera,,
Krubera,peregrina,(L.) Boiss.
Lagoecia,,
Lagoecia,cumihoides,L.
Lagonychium,,
Lagonychium,farctum,(Banks et Sol.) Bobr.
Laser,,
Laser,trilobum,(L.) Borkh.
Laserpitium,,
Laserpitium,glaucum,Post
Laserpitium,trilobum,L.
Lathyrus,,
Lathyrus,amoenus,Fenzl
Lathyrus,annuus,L.
Lathyrus,aphaca,L.
Lathyrus,basalticus,Rech. fil.
Lathyrus,blepharicarpus,Boiss.
Lathyrus,cassius,Boiss.
Lathyrus,chrysanthus,Boiss.
Lathyrus,cicera,L.
Lathyrus,ciliatus,Guss.
Lathyrus,ciliolatus,Sam.
Lathyrus,clymenum,L.
Lathyrus,digitatus,(Bieb.) Fîori
Lathyrus,elongatus,(Bornm.) Sirj.
Lathyrus,erectus,Lagr.
Lathyrus,gleosperma,Warb. et Eig
Lathyrus,gorgonii,Pari.
Lathyrus,grandiflorus,Sibth. et Smith
Lathyrus,hierosolymitanus,Boiss.
Lathyrus,hirsutus,L.
Lathyrus,hispidulus,Boiss.
Lathyrus,inconspicuus,L.
Lathyrus,inermis,Rochel
Lathyrus,laxiflorus,(Desf.) O. Kuntze
Lathyrus,libani,Fritsch
Lathyrus,marmoratus,Boiss. et Bl.
Lathyrus,niger,(L.) Bernh.
Lathyrus,nissolia,L.
Lathyrus,ochrus,L.
Lathyrus,polyanthus,Boiss. et Bl.
Lathyrus,pratensis,L .
Lathyrus,pseudocicera,Pampanini
Lathyrus,pygmaeus,Gombault
Lathyrus,sativus,L.
Lathyrus,saxatilis,(Vent.) Vis.
Lathyrus,sessilifolius,(Sibth. et Sm.) Ten.
Lathyrus,setifolius,L.
Lathyrus,sphaericus,"Retz,"
Lathyrus,stenolobus,Boiss.
Lathyrus,stenophyllus,Boiss. et Heldr.
Lathyrus,variabilis,(Boiss. et Ky) Maly
Lathyrus,vinealis,Boiss. et Noe
Laurocerasus,,
Laurocerasus,officinalis,Roem.
Laurus,,
Laurus,nobilis,L.
Lavatera,,
Lavatera,eretica,L.
Lavatera,punctata,AU.
Lavatera,trimes,tris L.
Lecoquia,,
Lecoquia,eretica,(Lam.) D.C.
Lens,,
Lens,culinaris,Medik.
Lens,esculenţa,Moench
Lens,lenticula,(Schreb.) Alef.
Lens,nigricdns,(Bieb.) Godr.
Lens,orientalis,(Boiss.) Hand.-Mazz.
Leontice,,
Leontice,chrysogonum,L.
Leontice,leontopetalum,L.
Leontice,minor,Boiss.
Lepidium,,
Lepidium,aucheri,Boiss.
Lepidium,chalepense,"L""."
Lepidium,cornutum,Sibth. et Smith
•,,
•,crassifolium,Waldst. et Kit.
•,culminicolum,Moût.
•,draba,L.
•,graminifolium,L.
•,hirtum,(L.) Smith
•,latifolium,L.
•,nudicaule,L.
•,oppositifolium,Labili.
•,oxyotum,D.C
•,perfoliatum,L.
•,procumbens,L.
•,sativum,L.
•,spinescens,D.C.
•,spinosum,Ard.
•,squamatum,Forssk.
•,virginicum,L.
Lepidotis,,
Lepidotis,cernua,(L.)Beauv.
Leptaleum,,
Leptaleum,filifôlium,(Willd.) D.C.
Leptaleum,pygmaeum,D.C.
Lepturus,,
Lepturus,pubescens,(Bçrtol.) Boiss.
Ligusticum,,
Ligusticum,çomubiense,Torn.
Linum,,
Linum,album,Ky
Linum,angustifolium,Huds.
Linum,aroanium,Boiss. et Orph.
Linum,balansae,Boiss.
Linum,bienne,Mill.
Linum,bursa-pastoris,Gomb.
Linum,carnosulum,Boiss..
Linum,cassium,Rech.
Linum,chaborasicum,Moût.
Linum,gallicum,L.
Linum,humile,Mill.
Linum,libumicum,Scop.
Linum,mucronatum,Bertol.
Linum,nodiflorum,L.
Linum,orientale,Boiss.
Linum,peyronii,Post
Linum,pubescens,Banks et Sol.
Linum,radiola,L.
Linum,rigidissimum,Post
Linum,strictum,L.
Linum,sulphureurn,Boiss. et Hausskn.
Linum,syriacum,Boiss.
Linum,tenuifolium,L ' V .
Linum,toxicum,Boiss.
•,,trigynum L.
•,usitatissimum,L.
Lisaea,,
Lisaea,strigosa,(Banks et Sol.) Eig
Lisaea,syriaca,Boiss.
Lobularia,,
Lobularia,maritima,(L.) Desv.
Lophochloa,,
Lophochloa,berythea,(Boiss. et Bl.) Bor
Lophochloa,obtusiflora,(Boiss.) Gontsch.
Lophochloa,phleoides,(Vill.) Reichb.
Lophochloa,pumila,(Desf.) Bor
Lotus,,
Lotus,angustissimus,L.
Lotus,carmeli,Boiss.
Lotus,coimbricensis,Brot.
Lotus,corniculatus,L.
Lotus,creticus,L.
Lotus,cytisoides,L.
Lotus,edulis,L.
Lotus,gebelia,Vent.
Lotus,kirsutus,L.
Lotus,judaicus,Boiss. ex Bornm.
Lotus,lamprocarpus,Boiss.
Lotus,lahuginosus,Vent.
Lotus,libanoticus,Boiss.
Lotus,ornithopodioides,L.
Lotus,palaestinus,(Boiss.) Bornm.
Lotus,palustris,Willd.
Lotus,parviflorus,Desf.
Lotus,peregrinus,L.
Lotus,pusillus,Medik.
Lotus,redus,L.
Lotus,tenuifolius,(L.) Reichenb.
Lotus,tenuis,Waldst. et Kit.
Lotus,villosus,Forssk.
Ludwigia,,
Ludwigia,diffusa,(Forssk.) Greene
Ludwigia,palustris,(L.) Elliott
Ludwigia,stolonifera,(Guill. et Perr.) Raven
Lunaria,,
Lunaria,scabra,Forssk.
Lupinus,,
Lupinus,albus,L.
Lupinus,angustifolius,L.
Lupinus,digitatus,Forssk.
Lupinus,hirsutus,L.
Lupinus,luteus,L.
Lupinus,pilosus,L.
Lupinus,termis,Forssk.
Lycopodium,,
Lycopodium,cernuum,L.
Lygia,,
Lygia,aucheri,(Meisn.) Boiss.
Lygia,passerina,(L.) Fasano
Lygia,pubescens,(Guss.) C.A. Mey.
Lythrum,,
Lythrum,bibracteatum,Salzm.
Lythrum,flexuosum,Auct.
Lythrum,graefferi,Ten.
Lythrum,hyssopifolia,L.
Lythrum,jun'ceum,Banks et Sol.
Lythrum,mucronatum,Link
Lythrum,salicaria,L.
Lythrum,salzmannii,Jord.
Lythrum,tomentosum,Mill.
Lythrum,tribracteatum,Salzm.
MalabaHa,,
MalabaHa,graveolens,(M. Bieb.) Hoffm.
MalabaHa,secacul,(Banks et Sol.) Boiss.
Malcolmia,,
Malcolmia,africana,(L.) R. Br.
Malcolmia,auranitica,Post.
Malcolmia,bungei,Boiss.
Malcolmia,chia,(L.) D.C.
Malcolmia,confusa,Boiss.
Malcolmia,conringioides,Boiss.
Malcolmia,contortuplicata,(Steph.) Boiss.
Malcolmia,crenulata,(D.C.) Boiss.
Malcolmia,",exacoides",(D.C.) Spreng.
Malcolmia,grandiflora,(Bge) O. Kuntze
Malcolmia,maritima,(L.) R. Br.
Malcolmia,nana,(D.C.) Boiss.
Malcolmia,pulchella,D.C.
Malcolmia,zachlensis,Post
Malus,,
Malus,trilobata,(Lab.) C.K. Schneider
Malva,,
Malva,aegyptia,L.
Malva,montana,Forssk
Malva,neglecta,Wallr.
Malva,nicaeensis,AU.
Malva,oxyloba,Boiss.
Malva,parviflora,L.
Malva,rotundifolia,L.
Malva,sherardiana,L.
Malva,sylvestris,L.
Malvella,,
Malvella,sherardiana,(L.) Jaub. et Spach
Maresia,,
Maresia,nana,(D.C.) Bail
Maresia,pulchella,(D.C.) O.E. Schulz
Matthiola,,
Matthiola,bicornis,(Sibth. et Smith) D.C.
Matthiola,crassifolia,Boiss. et GaiU.
Matthiola,damascena,Boiss.
Matthiola,fruticulosa,(L.) Maire
Matthiola,lo'ngipetala,Vent.
Matthiola,oxyceras,D.C.
Matthiola,tricuspidata,(L.) R. Br.
Matthiola,tristis,(L.) R. Br.
Medicago,,
Medicago,agrestis,Ten.
Medicago,apiculata,Willd.
Medicago,arabica,(L.) Huds.
Medicago,blancheana,Boiss.
Medicago,ciliaris:,(L.) Krocker
Medicago,circinnata,L.
Medicago,constricta,Durieu
Medicago,coronata,(L.) Desr.
Medicago,cupaniana,Guss.
Medicago,denticulata,Willd.
Medicago,elegans,Jacqu.
Medicago,falcata,L.
Medicago,galilaea,Boiss.
Medicago,gerardii,Waldst. et Kit.
Medicago,globosa,J. Presl
Medicago,granatensis,Willd.
Medicago,hispida,Gaertn.
Medicago,hystrix,Ten.
Medicago,laciniata,AIL.
Medicago,lappacea,D.C.
Medicago,litoralis,Rohde
Medicago,lupulina,L.
Medicago,maculata,Sibth.
Medicago,marginala,Willd.
Medicago,marina,L.
Medicago,minima,Lam.
Medicago,murex,Willd.
Medicago,nummularia,D.C.
Medicago,orbicularis,(L.) AU.
Medicago,polymorpha,L.
Medicago,praecox,D.C.
Medicago,radiata,L.
Medicago,rigida,Lam.
Medicago,rigidula,(L.) Desr.
Medicago,rotata,Boiss.
Medicago,rugosa,Desr.
Medicago,sativa,L.
Medicago,scutellata,Mill.
Medicago,sessilis,Peyron
Medicago,sphaerocarpos,"Bertol,"
Medicago,tentaculata,Gaertn.
Medicago,tribuloides,Desr.
Medicago,truncatula,Gaertn.
Medicago,tuberculata,WiUd.
Medicago,turbinata,(L.) Willd. varia Maftyn
Melandrium,,
Melia,,
Melia,azedarach,L.
Melilotus,,
Melilotus,albus,Desr.
Melilotus,compactus,Salzm.
Melilotus,indicuş,(L.) AU.
Melilotus,infestus,Guss.
Melilotus,italicus,(L.) Lam.
Melilotus,messanensis,(L.) AU.
Melilotus,officinalis,(L.) Lam.
Melilotus,parviflorus,Desf.
Melilotus,procumbens,Besser
Melilotus,segetalis,(Brot.) Ser.
Melilotus,siculus,(Turra) Vitm.
Melilotus,sulcatus,Desf.
Metiocarpus,,
Metiocarpus,alatus,Boiss.
Metiocarpus,anisopterus,Boiss.
Meniocus,,
Meniocus,aureus,Fenzl
Meniocus,filifolius,Jaub. et Spach
Meniocus,linifolius,(Steph.) D.C.
Mercunalis,,
Mercunalis,annua,L.
Mercunalis,ovata,Sternb. et Hoppe
Mercunalis,perennis,L.
Mespilus,,
Mespilus,amelanchier,L.
Mespilus,germanica,L.
Mespilus,pyracantha,L.
Mimosa,,
Mimosa,farda,Banks et Sol.
Mimosa,farnesiana,L.
Monocaryum,,
Monocaryum,fasciculare,(L.) Roem. et Sch.
Muscari,,
Muscari,maritimum,Desf.
Myagrûm,,
Myagrûm,irregulare,Asso
Myagrûm,perfoliatum,"L,"
Myosurus,,
Myosurus,minimus,L.
Myriophylluni,,
Myriophylluni,spicatum,L.
Myriophylluni,verticillatum,L.
Myrtus,,
Myrtus,communis,L.
Nardurus,,
Nardurus,orientalis,Boiss.
Nardurus,subulatus,(Banks et Sol.) Bor
Nasturtium,,
Nasturtium,amphibium,(L.) R. Br.
Nasturtium,fontanum,(Lam.) Auch.
Nasturtium,macrocarpum,Boiss.
Nasturtium,microphyllum,"Bonn, ex Reichb."
Nasturtium,officinale,R. BK
Nasturtium,sylvestre,(L.) R. Br^-^__
Neslia,,
Neslia,apiculata,(F. et M.) Avé-Lall.
Neurada,,
Neurada,procumbens,L.
Nigella,,
Nigella,arvensis,L.
Nigella,assyriaca,Boiss.
Nigella,ciliaris,D.C.
Nigella,cretensis,Stev.
Nigella,eretica,Mill.
Nigella,damascena,L.
Nigella,divaricata,Beaupré
Nigella,glauca,Boiss.
Nigella,latisecta,Davis
Nigella,noêana,Boiss.
Nigella,orientalis,L.
Nigella,oxypetala,Boiss.
Nigella,persica,Boiss.
Nigella,sativa,L.
Nigella,stellaris,Boiss.
Nigella,tuberculata,Griseb.
Nigella,unguicularis,(Lam.) Spenn
Nitraria,,
Nitraria,retuşa,(Forssk.) Asch.
Nitraria,tridetttata,Desf.
Noccaea,,
Noccaea,procumbens,(L.) Reichb.
Notholaena,,
Notholaena,marantae,(L.) R.Br.
Notholaena,vellea,(Ait.) R.Br.
Notoceras,,
Notoceras,bicorne,(Ait.) Caruel.
Notoceras,canariênse,R.Br.
Notoceras,cardaminifolium,D.C.
Nuphar,,
Nuphar,luteum,(L.) Sm.
Nymphaea,,
Nymphaea,alba,L.
Ochthodium,,
.,,
.,aegyptiacum,(L.) D.C.
Oenanthe,,
Oenanthe,angulosa,Griseb.
Oenanthe,aquatica,(L.) Poiret
Oenanthe,fistulosa,L.
Oenanthe,media,Griseb.
Oenanthe,phellandrium,Lam.
Oenanthe,pimpinelloides,L.
Oenanthe,prolifera,L.
Oenothera,,
Oenothera,biennis,L. .
Oenothera,biennis,L. .
Oliveria,,
Oliveria,decumbens,Vent.
Oliveria,orientalis,D.C.
Onobrychis,,
Onobrychis,aequidentata,(Sibth. et Smith)
Onobrychis,aurantiaca,Boiss.
Onobrychis,cadmea,Boiss.
Onobrychis,caput-galli,(L.) Lam.
Onobrychis,cornuta,(L.) Desv.
Onobrychis,crista-galli,(L.) Lam.
Onobrychis,gaertneriana,Boiss.
Onobrychis,gaillardotii,Boiss.
Onobrychis,gracilis,Boiss.
Onobrychis,hemicycla,Blanche
Onobrychis,kotschyana,Fenzl
Onobrychis,lanata,Boiss.
Onobrychis,megataphros,Boiss.
Onobrychis,nisibena,Moût.
Onobrychis,olivieri',Boiss.
Onobrychis,pinnata,(Bertol.) Hand.-Mazz.)
Onobrychis,sativa,Lam.
Onobrychis,squarrosa,Viv.
Onobrychis,supina,(Chaix) Lam.
Onobrychis,tragacanthoides,D.C.
Ononis,,
Ononis,adenotricha,Boiss.
Ononis,alopecuroides,L.
Ononis,antiquorum,Auct.
Ononis,biflora,Desf.
Ononis,breviflora,Desf.
Ononis,cherleri,L.
Ononis,columnae,AU.
Ononis,diffusa,Turra
Ononis,ervoides,Sieb.
Ononis,hirta,Def.
Ononis,leiosperma,Boiss. •
Ononis,mitissima,L.
Ononis,natrix,L.
Ononis,ornithopodioides,L.
Ononis,phyllocephala,Boiss.
Ononis,pubescens,L.
Ononis,pusilla,L.
Ononis,reclinata,L.
Ononis,serrata,Forssk.
Ononis,sicula,Guss.
Ononis,spinosa,L.
Ononis,vaginalis,Vahl
Ononis,variegata,L.
Ononis,viscosa,L.
Opopanax,,
Opopanax,hispidus,(Friv.) Griseb.
Opopanax,prientale,Boiss.
Opopanax,syriacum,Boiss.
Opuntia,,
Opuntia,ficus-indica,(L.) Mill.
Opuntia,monacantha,How.
Orlaya,,
Orlaya,platycarpos,(L.) Koch
Orlaya,maritima,(Gou.) Koch
Ornithogalum,,
Ornithogalum,billardieri,Moût.
Ornithogalum,lanceolatum,Auct.
Ornithogalum,montanum,Cyrillo
Ornithopus,,
Ornithopus,compressus,L.
Ornithopus,ebracteolatus,Brot.
Ornithopus,pinnatus,(Mill.) Druce
Ornithopus,scorpioides,L.
Orobus,,
Orobus,croceus,Desf.
Orobus,digitatus,Bieb.
Orobus,elongatus,Bornm.
Orobus,grandiflorus,Boiss.
Orobus,niger,L.
Orobus,sessiltflorus,Sibth. et Smith
Orobus,variabilis,Boiss.
Oxalis,,
Oxalis,cemua,Thunb.
Oxalis,corniculata,L.
Oxalis,libyca,Viv.
Oxalis,pes-caprae,L.
Paeonia,,
Paeonia,corallina,Retz
Paeonia,kesrouanensis,Thiéb.
Paeonia,mascula,(L.) Mill.
Paliurus,,
Paliurus,aculeata,Lam.
Paliurus,spina-christi,Mill.
Papaver,,
Papaver,argemone,L. belangeri Boiss.
Papaver,carmeti,Feinb.
Papaver,clavatum,Boiss. et Hausskn.
Papaver,dubium,L.
Papaver,glaucum,Boiss. et Huet
Papaver,humifusum,Fedde
Papaver,laevigatum,M. Bieb.
Papaver,libanoticum,Boiss;
Papaver,polytrichum,Boiss. et Ky
Papaver,postii,Fedde
Papaver,rapiferum,Fedde
Papaver,rhoeas,L.
Papaver,rogersii,Exelm.
Papaver,somniferum,L.
Papaver,strîgosum,Bônningh
Papaver,stylatum,Boiss. et Hausskn.
Papaver,subpiriforme,Fedde
Papaver,syriacum,Boiss. et Bl.
Papaver,umbonatum,Boiss. *
Pappopharum,,
Pappopharum,squarrosum,Banks et Sol.
Parietaria,,
Paronychia,,
Paronychia,echinata,Lam.
Paronychia,echinulata,Chater
Paspalum,,
Paspalum,distichum,Auct.
Paspalum,paspaloides,(Michaux) Şcribner
Passerina,,
Passerina,annua,Wickstr.
Passerina,arvensis,Lam.
Passerina,hirsuta,L.
Passerina,lessertii,Wickstr.
Passerina,pubescens,Guss.
Pastinaca,,
Pastinaca,graveolens,Bieb.
Pastinaca,opopanax,L.
Pastinaca,second,Banks et Sol.
Pastinaca,teretiuscula,Boiss.
Pastinaca,urens,Rcqu.
Peganum,,
Peganum,harmala,L.
Pelargonium,,
Pelargonium,endlicherianum,Fenzl
Peltaria,,
Peltaria,angustifolia,D.C.
Peltaria,glastifolia,D.C.
Pennisetum,,
Pennisetum,dichotomum,(Forssk.) Del.
Pennisetum,divisutn,(Gmel.) Henr.
Pennisetum,orientale,L.C. Rich.
Pennisetum,setaceum,(Forssk.) Chiov.
Peplis,,
Peplis,alternifolia,M. Bieb.
Persica,,.
Persica,vutgaris,Mill.
Petrorhagia,,
Petrorhagia,arabica,(Boiss.) Bail et Heywood
Petrorhagia,eretica,(L.) Bail et Heywood
Petrorhagia,velutina,(Guss.) Bail et Heywood
Petroselinum,,
Petroselinum,crispum,(Mill.) A.W. Hill
Petroselinum,hortense,Auct.
Petroselinum,sativum,Hoffm.
Peucedanum,,
Peucedanum,depauperatum,Boiss. et Ba
Peucedanum,haradjianii,Rech. fil.
Peucedanum,juriceum,(Boiss.) Moût.
Peucedanum,libanoticum,Peyron
Peucedanum,mucronatum,Thiéb.
Peucedanum,spreitzenhoferi,Dingier
Phaca,,
Phaca,baetica,L.
Phellandrium,,
Phellandrium,aquaticum,L.
Phragmites,,
Phragmites,australia,(Cav.) Trin.
Phragmites,commutas,Trin.
Phyllitis,,
Phyllitis,hemionitis,(Lag.) O. Kuntze
Phyllitis,hybrida,"(Milde) Christ,"
Phyllitis,sapttata,(D.C.) Guinea et Heywood
Phyllitis,scolopendrium,(L.) Newm.
Physanthyllis,,
Physanthyllis,tetraphylla,(L.) Boiss.
Physocaulis,,
Physocaulis,nodosus,(L.) Tausch
Pkysospermum,,
Pkysospermum,aquilegifolium,(AU.) Koch
Pkysospermum,cornubiense,(Torn.) Reichb.
Pimpinella,,
Pimpinella,anthriscoides,Boiss.
Pimpinella,corymbosa,Boiss.
Pimpinella,eretica,Poir.
Pimpinella,eriocarpa,Banks et Sol.
Pimpinella,kotschyana,Boiss.
Pimpinella,olivieri,Boiss.
Pimpinella,peregrina,L.
Pimpinella,puberala,D.C.
Pimpinella,tragium,Vill.
Pimpinella,triradiata,Boiss.
Pirus,,
Pirus,boveana,Decne
Pirus,bovei,Steud.
Pirus,syriaca,Boiss.
Pirus,trilobata,(Lab.) D.C.
Pistacia,,
Pistacia,atlantica,Desf.
Pistacia,khinjuk,Stokes
Pistacia,lentiscus,L.
Pistacia,mutica,Fisch et Mey.
Pistacia,palaestina,Boiss. X lentiscus
Pistacia,palaestina,Boiss. X lentiscus
Pistacia,palaestina,L.
Pistacia,terebinthus,L.
Pistacia,vera,L.
Pisum,,
Pisum,arvense,L.
Pisum,elâtius,Bieb.
Pisum,formosum,Stev.
Pisum,fulvum,Sibth. er Smith
Pisum,humile,Boiss. et Noë
Pisum,sativum,L.
Platanus,,
Platanus,acerifolia,(Aiton) Willd.
Platanus,cuneata,Willd.
Platanus,hybrida,Brot.
Platanus,orientalis,L.
Polygala,,
Polygala,anatolica,Boiss. et Heldr.
Polygala,monspeliaca,L.
Polygala,supina,Schreb.
Polygonum,,
Polygonum,arenastrum,Boreau
Polygonum,aviculare,L.
Polypodium,,
Polypodium,australe,Fée
Polypodium,vulgare,L.
Polypogon,,
Polypogon,semiyerticillatus,(Forssk.) Hyl.
Polystichum,,
Polystichum,aculeatum,(L.) Roth
Polystichum,setiferum,(Forssk.) Woynar
Potentilla,,
Potentilla,anserina,L.
Potentilla,babiskensis,Post et Beauv.
Potentilla,geranioides,Willd.
Potentilla,hirta,L.
Potentilla,kotschyana,Fenzl
Potentilla,libanotica,Boiss.
Potentilla,micrantha,Ramond
Potentilla,pedata,Willd.
Potentilla,reptans,L.
Potentilla,speciosa,Willd.
Potentilla,supina,L.
Poterium,,
Poterium,compactum,Boiss.
Poterium,gaillardotii,Boiss.
Poterium,lasiocarpum,Boiss. et Hausskn.
Poterium,muricatum,Spach
Poterium,polygamum,Waldst. et Kit.
Poterium,spinosum,L.
Poterium,verrucosum,Ehrenb.
Poterium,villosum,Sibth. et Smith
Prangos,,
Prangos,asperula,Boiss.
Prangos,deserti,Post et Beauv.
Prangos,hermonis,Boiss.
Prangos,meliocarpoides,Boiss.
Prangos,microcarpa,Benth. et Hook.
Prosopis,,
Prosopis,stephaniana,(Willd.) Kunth
Prunus,,
Prunus,agrestis,(Boiss.) n. comb.
Prunus,amygdalus,(L.) Stokes
Prunus,arabica,(Oliv.) Meikle
Prunus,argentea,(Lam.) Rehder
Prunus,armeniaca,L.
Prunus,cerasia,Bl.
Prunus,korschinskyi,Hand-Mazz.
Prunus,kotschyi,(Boiss. et Huet) Meikle
Prunus,laurocerasus,L.
Prunus,lycioides,(Spach) W.K. Schneider
Prunus,mahaleb,L.
Prunus,microcarpa,C.A. Mey.
Prunus,monticola,C. Koch
Prunus,prostrata,Labili.
Prunus,spartioides,(Spach) W.K. Schneider
Prunus,spinosa,L.
Prunus,tortuosa,Boiss. et Hausskn.
Prunus,ursina,Ky
Psammogeton,,
Psammogeton,canescens,(D.C.) Vatke
Psammogeton,crinitum,Boiss.
Psammogeton,setifolium,Boiss.
Psammogeton,triternatum,Edgew.
Pseudorlaya,,
Pseudorlaya,maritima,(Gou.) Murbeck
Pseudorlaya,pumila,(L.) Grande
Psoralea,,
Psoralea,bituminosa,L.
Psoralea,jaubertiana,Fenzl
Pteris,,
Pteris,longifolia,Auct.
Pteris,vïttata,L.
Ptychotis,,
Ptychotis,puberala,D;C.
Pucànellia,,
Pucànellia,fupestris,(Whit.) Fern et Weath
Punica,,
Pyracantha,,
Pyracantha,coccinea,Roem.
Radicala,,
Radicala,nasturtium-aquaticum,(L.) Druce
Radiola,,
Radiola,linoides,Roth
Ranunculus,,
Ranunculus,aqUatilis,L.
Ranunculus,arvensis,L.
Ranunculus,asiaticus,L.
Ranunculus,calthifolius,(Guss.) Jord.
Ranunculus,cassius,Boiss.
Ranunculus,chaerophyllos,Auct.
Ranunculus,chionophilus,Boiss.
Ranunculus,chius,D.C.
Ranunculus,constantinopolitanus,d'Urv.
Ranunculus,cornutus,D.C.
Ranunculus,cuneatus,Boiss
Ranunculus,damascenus,Boiss. et Gaill.
Ranunculus,dasycarpus,Boiss.
Ranunculus,demissus,D.C.
Ranunculus,eriophyllus,C. Koch
Ranunculus,fakatus,L.
Ranunculus,ficaria,L.
Ranunculus,ficariiformis,F. Schultz
Ranunculus,ficarioides,Bory et Chaub.
Ranunculus,flabellatus,Desf.
Ranunculus,hierosolymitanus,Boiss.
Ranunculus,lateriflorus,D.C.
Ranunculus,libanoticus,Freyn
Ranunculus,lomatocarpus,Fisch et Mey.
Ranunculus,macrorrhynchup,Boiss.-
Ranunculus,marginaţus,d'Urv.
Ranunculus,millefoliatus,Vahl
Ranunculus,millefolius,Banks et Sol.
Ranunculus,muricatus,L.
Ranunculus,myosuroides,Boiss. et Ky
Ranunculus,myriophyllus,D.C.
Ranunculus,neapolitanus,Ten
Ranunculus,ophioglossifolius,Vill.
Ranunculus,orbiculatus,Boiss. et Bo.
Ranunculus,orientalis,L.
Ranunculus,oxyspermus,M. Bieb.
Ranunculus,palaestinus,Boiss.
Ranunculus,paludosus,Poir.
Ranunculus,paucistamineus,Tausch
Ranunculus,peyronii,Briquet
Ranunculus,pinardii,Boiss.
Ranunculus,rhynchocarpus,C.A. Mey.
